账号名,车型,url,粉丝,点赞,精华帖,被采纳
旋转跳跃喵,别克君越,https://www.dongchedi.com/user/690907766332752,2269,548,3,0
我的副驾你不配,别克君越,https://www.dongchedi.com/user/3095851990259155,2165,975,0,0
轩尼诗道,别克君越,https://www.dongchedi.com/user/2445776713682259,184,468,0,1
"
请叫我刘队长",别克君越,https://www.dongchedi.com/user/4053553597,495,2888,0,1
文案•拾忆,别克君越,https://www.dongchedi.com/user/572222437079276,131,9,1,0
清宁爸爸,别克君越,https://www.dongchedi.com/user/52705514870,69,105,1,2
开君越耍沙漠太开心了,别克君越,https://www.dongchedi.com/user/85866057281,206,40013,7,0
李云落,别克君越,https://www.dongchedi.com/user/105191016384,1123,7007,7,163
天安门前小红花,别克君越,https://www.dongchedi.com/user/945205477118300,16,205,1,4
极客生活记录仪,别克君越,https://www.dongchedi.com/user/2700010352554206,99,1044,1,0
陳62767586,别克君越,https://www.dongchedi.com/user/5748160142,54,269,5,0
征宝笨笨熊,别克君越,https://www.dongchedi.com/user/51042254114,114,97,1,0
凹凸有致的曼,别克君越,https://www.dongchedi.com/user/1107908994535533,11,212,1,0
海上边缘人,别克君越,https://www.dongchedi.com/user/59947759090,97000,300000,1,0
赵智聪757,别克君越,https://www.dongchedi.com/user/95019775888,64,141,1,0
周末数码科技,别克君越,https://www.dongchedi.com/user/81937149663,76,81,1,0
峰峰DSQ,别克君越,https://www.dongchedi.com/user/2939489332,91,25000,1,0
巨大的刀49158701,别克君越,https://www.dongchedi.com/user/4978814297,108,62,1,0
嘎啦星的御瓷青,别克君越,https://www.dongchedi.com/user/285491394522804,405,2478,3,18
郑多多lacross,别克君越,https://www.dongchedi.com/user/104322316747,73,15,1,1
揣着糊涂装明白啊,别克君越,https://www.dongchedi.com/user/2181024742913012,652,1658,1,0
梁良l先生,别克君越,https://www.dongchedi.com/user/82628791024,17,68,1,0
傻大猫啦,别克君越,https://www.dongchedi.com/user/1503728908384712,87,371,5,1
车友圈管理员金金,别克E5,https://www.dongchedi.com/user/312734367356648,31,34,,0
E起舞动,别克E5,https://www.dongchedi.com/user/1574974129715549,46,65,1,8
Hosni02,别克E5,https://www.dongchedi.com/user/92361115379,67,35,2,0
无双书签yq,别克E5,https://www.dongchedi.com/user/108630454799,636,8,1,0
氡星球驻地球空间站站长,别克E5,https://www.dongchedi.com/user/597734805746824,36,45,1,0
绝色庸人,别克E5,https://www.dongchedi.com/user/95135156774,111,324,1,0
别克E5车主,别克E5,https://www.dongchedi.com/user/1429797910090312,332,596,1,1
大小卡啦咪,别克E5,https://www.dongchedi.com/user/980398903921667,8,77,1,0
十年自由,别克E5,https://www.dongchedi.com/user/1372657187039947,1018,26,1,0
samwithout,别克E5,https://www.dongchedi.com/user/2093107874118414,18,65,1,0
机智的小糊涂,别克GL8,https://www.dongchedi.com/user/2664850334428766,55,270,1,1
水果忍者自行车,别克GL8,https://www.dongchedi.com/user/62608446399,72,276,1,0
浩洁浩洁,别克GL8,https://www.dongchedi.com/user/3962283502086616,185,584,4,0
吕ling凡,别克GL8,https://www.dongchedi.com/user/109023750905,385,887,3,0
大鹏2509,别克GL8,https://www.dongchedi.com/user/109067656571,147,138,1,0
壮游天地间,别克GL8,https://www.dongchedi.com/user/53376943198,137,954,1,0
有朋汽车馆,别克GL8,https://www.dongchedi.com/user/5777584870,50,32000,1,1
Marvin890,别克GL8,https://www.dongchedi.com/user/1046327875081166,214,1335,1,0
乐途,别克GL8,https://www.dongchedi.com/user/3456498126826387,328,542,1,2
风徵风,别克GL8,https://www.dongchedi.com/user/108075146062,18,175,1,0
良少211,别克GL8,https://www.dongchedi.com/user/3874331003980668,557,1614,2,24
苏老师说车,别克GL8,https://www.dongchedi.com/user/50268098743,2190000,4090000,9,0
王克儉,别克GL8,https://www.dongchedi.com/user/2330613325505598,94,293,1,0
LeeSRun,别克GL8,https://www.dongchedi.com/user/421839931191758,133,722,1,0
老靳侃商改,别克GL8,https://www.dongchedi.com/user/6869175761,8567,4505,1,0
湖南品驭商务车,别克GL8,https://www.dongchedi.com/user/108630718087,4308,7499,1,0
阿虫的梦想时光,别克E4,https://www.dongchedi.com/user/1821230159117336,28,36,1,0
HELLHOLE,别克E4,https://www.dongchedi.com/user/50746171204,28,21,0,0
自由的风5125,别克E4,https://www.dongchedi.com/user/2137923515857566,21,26,0,0
诗意雪梨Ta,别克E4,https://www.dongchedi.com/user/2915549961277783,122,353,0,0
长在树上的南瓜,别克E4,https://www.dongchedi.com/user/2537306182652910,41,637,0,0
阳光慕小北,别克E4,https://www.dongchedi.com/user/1855577907535495,25000,42000,2,0
user3415813433667,别克E4,https://www.dongchedi.com/user/3118657295353709,1,1,0,0
蜜蜂仔Kaysar,别克世纪,https://www.dongchedi.com/user/20233667486592,41,452,0,0
岁暮天寒404,别克世纪,https://www.dongchedi.com/user/93637208442,283,1100,0,0
用户4773546228747,别克世纪,https://www.dongchedi.com/user/4160205725377767,63,0,0,0
歇斯底里喵,别克世纪,https://www.dongchedi.com/user/2400964682727083,484,833,0,0
Liao事如神,别克世纪,https://www.dongchedi.com/user/1680528022963931,6311,947,0,0
,,,,,,
南哥说车,大v账号,https://www.dongchedi.com/user/76568284151,7600000,5830000,,
阿喵汽车,大v账号,https://www.dongchedi.com/user/76035477107,2560000,5920000,,
老林说车,大v账号,https://www.dongchedi.com/user/76553174156,61000,510000,,
懂车帝视线,大v账号,https://www.dongchedi.com/user/73002403782,3280000,5670000,,
白宁的爱车时光,大v账号,https://www.dongchedi.com/user/6427087094,650000,630000,,
小杰哥的分享,大v账号,https://www.dongchedi.com/user/276731695209885,610000,100000,,
知行动力,大v账号,https://www.dongchedi.com/user/5502659740,170000,46000,,
车载娱乐,大v账号,https://www.dongchedi.com/user/3905468116,120000,1020000,,
斯令vlog说车,大v账号,https://www.dongchedi.com/user/1890782524474813,3260000,3180000,,
12缸大师,大v账号,https://www.dongchedi.com/user/99049144241,22000,150000,,
大家车言论,大v账号,https://www.dongchedi.com/user/4624361651,2660000,4180000,,
38号车评中心,大v账号,https://www.dongchedi.com/user/51177075853,4660000,2040000,视频,